{"cameraMode":{"drawMode":0,"name":"Shaded","section":"Shading Mode"},"sceneLighting":false,"audioPlay":false,"sceneViewState":{"m_AlwaysRefresh":false,"showFog":true,"showSkybox":false,"showFlares":true,"showImageEffects":true,"showParticleSystems":true,"showVisualEffectGraphs":true,"m_FxEnabled":true},"in2DMode":false,"pivot":{"x":0.048319339752197269,"y":-0.045616135001182559,"z":-0.0770794153213501},"rotation":{"x":-0.06546338647603989,"y":0.7384862303733826,"z":-0.07246240228414536,"w":-0.6671602725982666},"size":0.8481907248497009,"orthographic":false}